{"version": 2, "width": 189, "height": 38, "timestamp": 1669577488, "env": {"SHELL": "/bin/bash", "TERM": "xterm-256color"}}
[0.024514, "o", "\u001b]0;clintwn@radmax: ~/Projects/lambda_tester\u0007\u001b[01;32mclintwn@radmax\u001b[00m:\u001b[01;34m~/Projects/lambda_tester\u001b[00m$ "]
[2.545625, "o", "e"]
[2.743525, "o", "x"]
[2.880889, "o", "p"]
[2.911249, "o", "o"]
[3.044956, "o", "r"]
[3.122391, "o", "t"]
[3.650989, "o", " "]
[6.329946, "o", "AWS_ACCESS_KEY=NOPENOPENOPE"]
[7.489895, "o", "\r\n"]
[7.490382, "o", "\u001b]0;clintwn@radmax: ~/Projects/lambda_tester\u0007\u001b[01;32mclintwn@radmax\u001b[00m:\u001b[01;34m~/Projects/lambda_tester\u001b[00m$ "]
[9.625748, "o", "e"]
[9.831907, "o", "x"]
[9.977188, "o", "p"]
[10.047827, "o", "o"]
[10.147707, "o", "r"]
[10.210636, "o", "t"]
[10.330463, "o", " "]
[13.082235, "o", "AWS_SECRET_ACCESS_KEY=NOPITYNOPENOPE"]
[13.856633, "o", "\r\n"]
[13.857156, "o", "\u001b]0;clintwn@radmax: ~/Projects/lambda_tester\u0007\u001b[01;32mclintwn@radmax\u001b[00m:\u001b[01;34m~/Projects/lambda_tester\u001b[00m$ "]
[17.131045, "o", "d"]
[17.242899, "o", "o"]
[17.351089, "o", "c"]
[17.527168, "o", "k"]
[17.612025, "o", "e"]
[17.68371, "o", "r"]
[17.819553, "o", " "]
[18.001988, "o", " "]
[18.037823, "o", "u"]
[18.038353, "o", "b"]
[18.107731, "o", "i"]
[18.699513, "o", "\b\u001b[K"]
[18.836299, "o", "\b\u001b[K"]
[19.000013, "o", "\b\u001b[K"]
[19.254194, "o", "\b\u001b[K"]
[19.698985, "o", "b"]
[19.770674, "o", "u"]
[19.808886, "o", "i"]
[20.063438, "o", "l"]
[20.155644, "o", "d"]
[20.677742, "o", " "]
[22.005733, "o", "."]
[22.240548, "o", " "]
[22.43863, "o", "-"]
[22.555224, "o", "t"]
[22.651566, "o", " "]
[23.474809, "o", "l"]
[23.543581, "o", "t"]
[23.614289, "o", "e"]
[23.843244, "o", "s"]
[23.963467, "o", "t"]
[25.165724, "o", "\b\u001b[K"]
[25.291991, "o", "\b\u001b[K"]
[25.434272, "o", "\b\u001b[K"]
[25.616294, "o", "\b\u001b[K"]
[26.055631, "o", "\b\u001b[K"]
[27.039094, "o", "l"]
[27.146021, "o", "a"]
[27.297978, "o", "m"]
[27.520176, "o", "b"]
[27.598171, "o", "d"]
[27.619952, "o", "a"]
[27.84398, "o", "_"]
[28.022915, "o", "d"]
[28.101107, "o", "e"]
[28.203524, "o", "m"]
[28.276186, "o", "o"]
[29.276581, "o", " "]
[29.779291, "o", "-"]
[29.847637, "o", "f"]
[30.016437, "o", " "]
[30.267038, "o", "D"]
[30.458507, "o", "o"]
[30.558802, "o", "c"]
[30.67853, "o", "k"]
[30.878209, "o", "erfile "]
[33.498117, "o", "\r\n"]
[33.539102, "o", "Sending build context to Docker daemon  76.29kB\r\r\r\n"]
[33.602324, "o", "Step 1/9 : FROM amazonlinux:latest\r\n"]
[33.602571, "o", " ---> 6e809582795f\r\nStep 2/9 : RUN yum update -y\r\n"]
[33.603081, "o", " ---> Using cache\r\n ---> 55488eedc4d9\r\n"]
[33.603203, "o", "Step 3/9 : RUN yum install gcc gcc-c++ findutils zip -y\r\n"]
[33.603389, "o", " ---> Using cache\r\n"]
[33.603516, "o", " ---> b68a365359f0\r\nStep 4/9 : RUN amazon-linux-extras install python3.8\r\n"]
[33.603613, "o", " ---> Using cache\r\n"]
[33.603715, "o", " ---> 07f23a58a5ca\r\n"]
[33.603798, "o", "Step 5/9 : RUN mkdir -p /mnt/app\r\n"]
[33.60402, "o", " ---> Using cache\r\n ---> f6c9e539c163\r\nStep 6/9 : ADD . /mnt/app"]
[33.604164, "o", "\r\n"]
[33.812861, "o", " ---> af0bf8d28348\r\nStep 7/9 : WORKDIR /mnt/app"]
[33.81324, "o", "\r\n"]
[33.877038, "o", " ---> Running in 5dd6d028a8de\r\n"]
[34.006432, "o", "Removing intermediate container 5dd6d028a8de\r\n ---> 4b69f488fc37\r\nStep 8/9 : RUN python3.8 -m pip install --upgrade pip\r\n"]
[34.076912, "o", " ---> Running in 5452a08365e4\r\n"]
[34.817907, "o", "\u001b[91mWARNING: Running pip install with root privileges is generally not a good idea. Try `python3.8 -m pip install --user` instead.\r\n\u001b[0m"]
[34.843588, "o", "Requirement already satisfied: pip in /usr/lib/python3.8/site-packages (21.0.1)\r\n"]
[35.335438, "o", "Collecting pip\r\n"]
[35.458724, "o", "  Downloading pip-22.3.1-py3-none-any.whl (2.1 MB)\r\n"]
[35.731937, "o", "Installing collected packages: pip\r\n"]
[37.093696, "o", "Successfully installed pip-22.3.1\r\n"]
[38.113778, "o", "Removing intermediate container 5452a08365e4\r\n ---> 7b01c76173bb\r\nStep 9/9 : RUN python3.8 -m pip install -r requirements.txt -t aws_layer/python\r\n"]
[38.173395, "o", " ---> Running in d4f41f4fdc13\r\n"]
[39.211699, "o", "Collecting Jinja2==2.10.1\r\n"]
[39.328931, "o", "  Downloading Jinja2-2.10.1-py2.py3-none-any.whl (124 kB)\r\n"]
[39.382354, "o", "     ━━━━━━━━━━━━━━━━━━━━━━━━━━━━━━━━━━━━━━━ 124.9/124.9 kB 2.5 MB/s eta 0:00:00"]
[39.382621, "o", "\r\n"]
[40.288694, "o", "Collecting boto3\r\n"]
[40.314411, "o", "  Downloading boto3-1.26.16-py3-none-any.whl (132 kB)\r\n"]
[40.345936, "o", "     ━━━━━━━━━━━━━━━━━━━━━━━━━━━━━━━━━━━━━━━ 132.5/132.5 kB 4.9 MB/s eta 0:00:00"]
[40.346406, "o", "\r\n"]
[40.563185, "o", "Collecting rich\r\n"]
[40.580642, "o", "  Downloading rich-12.6.0-py3-none-any.whl (237 kB)\r\n"]
[40.63518, "o", "     ━━━━━━━━━━━━━━━━━━━━━━━━━━━━━━━━━━━━━━━ 237.5/237.5 kB 4.9 MB/s eta 0:00:00"]
[40.635491, "o", "\r\n"]
[40.783472, "o", "Collecting MarkupSafe>=0.23\r\n"]
[40.802518, "o", "  Downloading MarkupSafe-2.1.1-cp38-cp38-manylinux_2_17_x86_64.manylinux2014_x86_64.whl (25 kB)\r\n"]
[40.907286, "o", "Collecting s3transfer<0.7.0,>=0.6.0\r\n"]
[40.926209, "o", "  Downloading s3transfer-0.6.0-py3-none-any.whl (79 kB)\r\n"]
[40.943161, "o", "     ━━━━━━━━━━━━━━━━━━━━━━━━━━━━━━━━━━━━━━━━ 79.6/79.6 kB 6.4 MB/s eta 0:00:00"]
[40.943414, "o", "\r\n"]
[40.990595, "o", "Collecting jmespath<2.0.0,>=0.7.1\r\n"]
[41.008543, "o", "  Downloading jmespath-1.0.1-py3-none-any.whl (20 kB)\r\n"]
[41.688461, "o", "o"]
[42.009135, "o", "Collecting botocore<1.30.0,>=1.29.16\r\n"]
[42.06479, "o", "  Downloading botocore-1.29.16-py3-none-any.whl (9.9 MB)\r\n"]
[43.654368, "o", "     ━━━━━━━━━━━━━━━━━━━━━━━━━━━━━━━━━━━━━━━━ 9.9/9.9 MB 6.3 MB/s eta 0:00:00"]
[43.654961, "o", "\r\n"]
[43.871315, "o", "Collecting pygments<3.0.0,>=2.6.0\r\n"]
[43.891434, "o", "  Downloading Pygments-2.13.0-py3-none-any.whl (1.1 MB)\r\n"]
[44.032929, "o", "     ━━━━━━━━━━━━━━━━━━━━━━━━━━━━━━━━━━━━━━━━ 1.1/1.1 MB 8.0 MB/s eta 0:00:00"]
[44.033266, "o", "\r\n"]
[44.086985, "o", "Collecting commonmark<0.10.0,>=0.9.0\r\n"]
[44.105728, "o", "  Downloading commonmark-0.9.1-py2.py3-none-any.whl (51 kB)\r\n"]
[44.120213, "o", "     ━━━━━━━━━━━━━━━━━━━━━━━━━━━━━━━━━━━━━━━━ 51.1/51.1 kB 4.7 MB/s eta 0:00:00"]
[44.12092, "o", "\r\n"]
[44.223154, "o", "Collecting typing-extensions<5.0,>=4.0.0\r\n"]
[44.246053, "o", "  Downloading typing_extensions-4.4.0-py3-none-any.whl (26 kB)\r\n"]
[44.349346, "o", "Collecting python-dateutil<3.0.0,>=2.1\r\n"]
[44.372158, "o", "  Downloading python_dateutil-2.8.2-py2.py3-none-any.whl (247 kB)\r\n"]
[44.413866, "o", "     ━━━━━━━━━━━━━━━━━━━━━━━━━━━━━━━━━━━━━━━ 247.7/247.7 kB 6.8 MB/s eta 0:00:00"]
[44.414795, "o", "\r\n"]
[44.528988, "o", "Collecting urllib3<1.27,>=1.25.4\r\n"]
[44.546321, "o", "  Downloading urllib3-1.26.13-py2.py3-none-any.whl (140 kB)\r\n"]
[44.576138, "o", "     ━━━━━━━━━━━━━━━━━━━━━━━━━━━━━━━━━━━━━━━ 140.6/140.6 kB 5.4 MB/s eta 0:00:00"]
[44.576468, "o", "\r\n"]
[45.032358, "o", "Collecting six>=1.5\r\n"]
[45.048347, "o", "  Downloading six-1.16.0-py2.py3-none-any.whl (11 kB)\r\n"]
[45.211413, "o", "Installing collected packages: commonmark, urllib3, typing-extensions, six, pygments, MarkupSafe, jmespath, rich, python-dateutil, Jinja2, botocore, s3transfer, boto3\r\n"]
[47.628444, "o", "Successfully installed Jinja2-2.10.1 MarkupSafe-2.1.1 boto3-1.26.16 botocore-1.29.16 commonmark-0.9.1 jmespath-1.0.1 pygments-2.13.0 python-dateutil-2.8.2 rich-12.6.0 s3transfer-0.6.0 six-1.16.0 typing-extensions-4.4.0 urllib3-1.26.13\r\n"]
[47.631382, "o", "\u001b[91mWARNING: Running pip as the 'root' user can result in broken permissions and conflicting behaviour with the system package manager. It is recommended to use a virtual environment instead: https://pip.pypa.io/warnings/venv\r\n\u001b[0m"]
[51.010588, "o", "Removing intermediate container d4f41f4fdc13\r\n ---> ba98683ef73b\r\n"]
